"0","veri %>%"
"0","  select(""Müsabaka"", ""Sakatlanma"", ""Yaş"", ""Boy"", ""Kilo"") %>% "
"0","  descr(stats = c(""mean"", ""sd"", ""min"", ""med"", ""max""), transpose = TRUE) %>% "
"0","  xtable(caption = ""Özet İstatistikler"","
"0","         label = ""tab:ozet"","
"0","         align = c(""l"", ""c"", ""c"", ""c"", ""c"", ""c"")) %>% "
"0","  print(booktabs = TRUE, comment = FALSE, caption.placement = ""top"")"
"1","\begin{table}[ht]
\centering
\caption{Özet İstatistikler} 
\label{tab:ozet}
\begin{tabular}{lccccc}
  \toprule
 & Ortalama & Std.Sap & Min & Medyan & Mak \\ 
  \midrule
Boy & 175.41 & 4.18 & 168.00 & 176.00 & 185.00 \\ 
  Kilo & 70.45 & 11.01 & 48.00 & 75.00 & 84.00 \\ 
  Müsabaka & 97.35 & 67.01 & 10.00 & 75.00 & 256.00 \\ 
  Sakatlanma & 0.33 & 0.72 & 0.00 & 0.00 & 3.00 \\ 
  Yaş & 27.65 & 4.62 & 20.00 & 28.00 & 36.00 \\ 
   \bottomrule
\end{tabular}
\end{table}
"
