{"chunk_definitions":[{"row":31,"row_count":1,"visible":true,"expansion_state":0,"options":{"engine":"r","label":"setup","include":false},"document_id":"15C8DB29","chunk_id":"csetup_chunk","chunk_label":"setup"},{"row":56,"row_count":1,"visible":true,"expansion_state":0,"options":{"engine":"r","echo":false,"label":"unnamed-chunk-11"},"document_id":"15C8DB29","chunk_id":"cefbqf3vt987i","chunk_label":"unnamed-chunk-1"},{"row":62,"row_count":1,"visible":true,"expansion_state":0,"options":{"engine":"r","echo":false,"label":"unnamed-chunk-12"},"document_id":"15C8DB29","chunk_id":"cpxctsxktkny5","chunk_label":"unnamed-chunk-2"},{"row":72,"row_count":1,"visible":true,"expansion_state":0,"options":{"engine":"r","results":"asis","echo":false,"label":"unnamed-chunk-13"},"document_id":"15C8DB29","chunk_id":"cpud6bqn2l0xf","chunk_label":"unnamed-chunk-3"},{"row":89,"row_count":1,"visible":true,"expansion_state":0,"options":{"engine":"r","label":"plot","echo":false,"fig.align":"center","fig.cap":"Yaş ve Müsabaka İlişkisi"},"document_id":"15C8DB29","chunk_id":"c54lh2duit6b1","chunk_label":"plot"},{"row":94,"row_count":1,"visible":true,"expansion_state":0,"options":{"engine":"r","echo":false,"label":"unnamed-chunk-14"},"document_id":"15C8DB29","chunk_id":"cv4isr0c5v369","chunk_label":"unnamed-chunk-4"},{"row":105,"row_count":1,"visible":true,"expansion_state":0,"options":{"engine":"r","echo":false,"label":"unnamed-chunk-15"},"document_id":"15C8DB29","chunk_id":"culaesqjkbx3f","chunk_label":"unnamed-chunk-5"},{"row":108,"row_count":1,"visible":true,"expansion_state":0,"options":{"engine":"r","label":"unnamed-chunk-16"},"document_id":"15C8DB29","chunk_id":"ctjf9kqvazzwy","chunk_label":"unnamed-chunk-6"},{"row":112,"row_count":1,"visible":true,"expansion_state":0,"options":{"engine":"r","label":"unnamed-chunk-17"},"document_id":"15C8DB29","chunk_id":"czl8re6ndxqrc","chunk_label":"unnamed-chunk-7"},{"row":115,"row_count":1,"visible":true,"expansion_state":0,"options":{"engine":"r","label":"unnamed-chunk-18"},"document_id":"15C8DB29","chunk_id":"cc65za6i5w1ms","chunk_label":"unnamed-chunk-8"}],"doc_write_time":1687119395,"chunk_rendered_width":700}