{"chunk_definitions":[{"row":31,"row_count":1,"visible":true,"expansion_state":0,"options":{"engine":"r","label":"setup","include":false},"document_id":"15C8DB29","chunk_id":"csetup_chunk","chunk_label":"setup"},{"row":71,"row_count":1,"visible":true,"expansion_state":0,"options":{"engine":"r","echo":false,"label":"unnamed-chunk-27"},"document_id":"15C8DB29","chunk_id":"chzcfwe89s812","chunk_label":"unnamed-chunk-1"},{"row":77,"row_count":1,"visible":true,"expansion_state":0,"options":{"engine":"r","echo":false,"label":"unnamed-chunk-28"},"document_id":"15C8DB29","chunk_id":"cpxctsxktkny5","chunk_label":"unnamed-chunk-2"},{"row":87,"row_count":1,"visible":true,"expansion_state":0,"options":{"engine":"r","results":"asis","echo":false,"label":"unnamed-chunk-29"},"document_id":"15C8DB29","chunk_id":"cpud6bqn2l0xf","chunk_label":"unnamed-chunk-3"},{"row":103,"row_count":1,"visible":true,"expansion_state":0,"options":{"engine":"r","label":"plot","echo":false,"fig.align":"center","fig.cap":"Yaş ve Müsabaka İlişkisi"},"document_id":"15C8DB29","chunk_id":"c54lh2duit6b1","chunk_label":"plot"},{"row":108,"row_count":1,"visible":true,"expansion_state":0,"options":{"engine":"r","echo":false,"label":"unnamed-chunk-30"},"document_id":"15C8DB29","chunk_id":"cv4isr0c5v369","chunk_label":"unnamed-chunk-4"},{"row":119,"row_count":1,"visible":true,"expansion_state":0,"options":{"engine":"r","echo":false,"label":"unnamed-chunk-31"},"document_id":"15C8DB29","chunk_id":"culaesqjkbx3f","chunk_label":"unnamed-chunk-5"},{"row":122,"row_count":1,"visible":true,"expansion_state":0,"options":{"engine":"r","label":"unnamed-chunk-35"},"document_id":"15C8DB29","chunk_id":"ctjf9kqvazzwy","chunk_label":"unnamed-chunk-6"},{"row":126,"row_count":1,"visible":true,"expansion_state":0,"options":{"engine":"r","label":"unnamed-chunk-43"},"document_id":"15C8DB29","chunk_id":"czl8re6ndxqrc","chunk_label":"unnamed-chunk-7"},{"row":129,"row_count":1,"visible":true,"expansion_state":0,"options":{"engine":"r","label":"unnamed-chunk-44"},"document_id":"15C8DB29","chunk_id":"cc65za6i5w1ms","chunk_label":"unnamed-chunk-8"}],"doc_write_time":1687027312,"working_dir":null,"default_chunk_options":{"cache":false,"echo":true,"message":false,"warning":false},"chunk_rendered_width":400}